modelo,MAE treino,MAE VC,desvio MAE,pior dobra,melhor dobra,RMSE VC,profundidade
profundidade 1,0.6538029123605648,0.6554142275731597,0.015674461366813768,0.6784692862869651,0.6329045468258091,0.8051706923662895,1
profundidade 2,0.5995880520205863,0.6066505235105883,0.01801591653387968,0.6357861714606882,0.584201634175992,0.7795261310254531,2
profundidade 3,0.5865960811097402,0.5974283275768781,0.018580411495932387,0.6274583120077507,0.5807150031413437,0.7664300390648602,3
profundidade 4,0.5628114835611369,0.5836999587914997,0.01680435904959174,0.6156185584972879,0.5693780682088055,0.7593296733302365,4
profundidade 5,0.5403745843476255,0.58205791475418,0.019203151390741566,0.6187632349783067,0.5661691061589293,0.7620087401917497,5
profundidade 6,0.5189078342537516,0.5850839694253486,0.022921297555376693,0.6264145427626293,0.5651585423372565,0.7693942876695502,6
profundidade 7,0.49000234463763387,0.5903490772405858,0.019235496216925753,0.6241486364637092,0.5737934144819015,0.7742668515595599,7
profundidade 8,0.449875871480751,0.6057623708383145,0.017824881993023334,0.6376573294785957,0.5875069131852602,0.8060939234524798,8
profundidade 9,0.40720697567351155,0.6234368925831164,0.020299772936419668,0.6604466627413018,0.6027747465372282,0.8335602845282806,9
profundidade 10,0.35358756740041997,0.6376352685546044,0.020049679710863726,0.6774108626901723,0.6230782980989,0.8635511184295597,10
profundidade 11,0.2993372549699494,0.6468036571148825,0.017274440666648405,0.6759705840564554,0.6277238916794454,0.8939871653637956,11
profundidade 12,0.24863717541170355,0.6499535286432764,0.016531414593132728,0.6753464019735416,0.6331499374726373,0.9072934310188676,12
profundidade 13,0.19952463923774302,0.6602517138505668,0.010986430906090451,0.6786093922092584,0.6468189263053286,0.9279549024473013,13
profundidade 14,0.15342883284772607,0.6628496713490559,0.02400542185805804,0.7038294090679927,0.6376300123445662,0.9391735770881627,14
profundidade 15,0.11540921586690793,0.6751811281428651,0.019270899603930514,0.6986817081437069,0.6415010042322428,0.9620205094336622,15
profundidade 16,0.08606367029859925,0.6776159870940301,0.026453972344915883,0.7165955683083696,0.6392362989878921,0.9652924155644069,16
profundidade 17,0.06547271959487919,0.6775165354925752,0.015244478617410491,0.6960699590616798,0.6569746404984211,0.9716284965075535,17
profundidade 18,0.04722662024934724,0.682192917210671,0.02275985308796014,0.7203403730952812,0.6587428276682796,0.9773140729170009,18
