corte,sensibilidade,precisão,F1,selecionados
5.0,0.9987608426270136,0.19625030435841245,0.328042328042328,4107
5.1,0.9962825278810409,0.20333839150227617,0.3377441713925646,3954
5.2,0.9950433705080545,0.21779224301600217,0.35736537605696483,3687
5.3,0.9913258983890955,0.23276112889147513,0.3770028275212064,3437
5.4,0.9814126394052045,0.25142857142857145,0.400303260045489,3150
5.5,0.9628252788104089,0.2723449001051525,0.4245901639344262,2853
5.6,0.9566294919454771,0.29715165511932257,0.4534508076358297,2598
5.7,0.9256505576208178,0.3218440327445067,0.47762148337595906,2321
5.8,0.9021065675340768,0.35084337349397593,0.5052047189451769,2075
5.9,0.8574969021065675,0.3787629994526546,0.5254365983295368,1827
6.0,0.8091697645600991,0.42101869761444227,0.5538592027141646,1551
6.1,0.7385377942998761,0.45987654320987653,0.5668093200190204,1296
6.2,0.654275092936803,0.49577464788732395,0.5641025641025641,1065
6.3,0.5650557620817844,0.5435041716328963,0.5540704738760632,839
6.4,0.483271375464684,0.6,0.5353466026080989,650
6.5,0.40272614622057,0.65,0.4973221117061974,500
6.6,0.3023543990086741,0.6740331491712708,0.4174508126603935,362
6.7,0.21189591078066913,0.7008196721311475,0.32540437678401524,244
6.8,0.1412639405204461,0.7450980392156863,0.2375,153
6.9,0.06815365551425032,0.8088235294117647,0.12571428571428572,68
7.0,0.030978934324659233,0.8064516129032258,0.059665871121718374,31
7.1,0.01486988847583643,0.8571428571428571,0.029232643118148598,14
7.2,0.007434944237918215,1.0,0.014760147601476014,6
7.3,0.0024783147459727386,1.0,0.004944375772558714,2
7.4,0.0012391573729863693,1.0,0.0024752475247524753,1
7.5,0.0012391573729863693,1.0,0.0024752475247524753,1
