variavel,aumento_MAE,desvio
alcohol,0.1373825187969924,0.007278051795001667
volatile acidity,0.05669213211600419,0.006043634864237619
free sulfur dioxide,0.03821844790547792,0.0038738971513604423
sulphates,0.020996911922663737,0.0029400677248300412
total sulfur dioxide,0.01541433941997844,0.0026562494568605315
pH,0.01253531149301817,0.0024143059955543758
chlorides,0.012224355531686281,0.0024545714190389984
density,0.01170367883995695,0.002082763697739627
residual sugar,0.01034277658431786,0.0021948525618711774
citric acid,0.009283431793770036,0.0033036741946333116
fixed acidity,0.005452873254564899,0.0015801195247551769
wine_type,-0.0004279001074114552,0.0003244733724672185
